,pitch (deg),roll (deg),yaw (deg),ax (m/s^2),ay (m/s^2),az (m/s^2),gx (deg/s),gy (deg/s),gz (deg/s)
0,-79.84,6.17,42.61,3.61,0.08,0.65,0.49,-12.10,-7.66
1,-79.91,6.46,42.59,3.61,0.08,0.65,0.48,-12.11,-7.67
2,-80.06,7.43,41.58,3.62,0.08,0.65,0.48,-12.12,-7.66
3,-80.02,7.21,41.99,3.62,0.08,0.65,0.49,-12.12,-7.67
4,-80.55,11.15,36.90,3.62,0.08,0.65,0.48,-12.13,-7.67
5,-80.52,10.84,36.58,3.62,0.08,0.65,0.47,-12.13,-7.67
6,-80.50,10.78,35.95,3.62,0.08,0.66,0.48,-12.14,-7.67
7,-80.33,9.49,36.96,3.62,0.08,0.66,0.47,-12.13,-7.67
8,-80.09,7.86,38.76,3.62,0.08,0.66,0.46,-12.12,-7.68
9,-80.47,10.88,34.72,3.62,0.08,0.66,0.49,-12.12,-7.67
10,-80.49,11.15,33.83,3.62,0.08,0.66,0.48,-12.12,-7.67
11,-80.28,9.39,35.41,3.62,0.08,0.66,0.48,-12.13,-7.68
12,-80.08,7.88,37.01,3.62,0.08,0.66,0.48,-12.13,-7.68
13,-80.09,7.95,36.94,3.62,0.08,0.66,0.47,-12.13,-7.68
14,-80.15,8.44,36.28,3.62,0.08,0.66,0.48,-12.11,-7.68
15,-80.30,9.65,34.55,3.62,0.08,0.66,0.49,-12.10,-7.67
16,-80.01,7.45,37.06,3.62,0.08,0.66,0.49,-12.10,-7.67
17,-79.88,6.52,38.32,3.62,0.08,0.66,0.49,-12.11,-7.67
18,-79.74,5.64,39.81,3.62,0.08,0.66,0.49,-12.10,-7.66
19,-79.59,4.84,41.21,3.62,0.08,0.66,0.49,-12.10,-7.66
20,-79.48,4.28,42.49,3.62,0.08,0.66,0.50,-12.11,-7.66
21,-79.52,4.51,43.07,3.62,0.08,0.66,0.53,-12.11,-7.66
22,-80.48,11.66,34.42,3.62,0.08,0.66,0.52,-12.11,-7.65
23,-80.64,13.04,31.94,3.62,0.08,0.66,0.52,-12.11,-7.65
24,-80.15,8.78,36.02,3.62,0.08,0.66,0.52,-12.09,-7.64
25,-80.21,9.31,35.35,3.62,0.08,0.66,0.52,-12.10,-7.64
26,-80.52,12.09,31.47,3.62,0.08,0.66,0.52,-12.11,-7.64
27,-80.44,11.35,31.21,3.62,0.08,0.66,0.51,-12.10,-7.64
28,-79.58,5.10,38.88,3.62,0.08,0.66,0.51,-12.09,-7.64
29,-79.55,4.75,39.99,3.62,0.08,0.66,0.50,-12.10,-7.64
30,-80.28,10.34,33.56,3.62,0.08,0.66,0.51,-12.11,-7.63
31,-80.26,10.09,33.06,3.62,0.08,0.66,0.50,-12.11,-7.62
32,-79.90,6.90,36.77,3.62,0.08,0.66,0.50,-12.11,-7.62
33,-80.16,8.60,34.69,3.62,0.08,0.66,0.50,-12.11,-7.62
34,-80.23,9.14,33.84,3.62,0.08,0.66,0.49,-12.10,-7.62
35,-80.28,9.63,32.97,3.62,0.08,0.66,0.49,-12.11,-7.62
36,-80.08,8.00,34.55,3.62,0.08,0.66,0.49,-12.11,-7.62
37,-80.04,7.70,34.95,3.62,0.08,0.66,0.50,-12.10,-7.62
38,-80.10,8.20,34.29,3.62,0.08,0.66,0.50,-12.10,-7.61
39,-80.16,8.72,33.51,3.62,0.08,0.66,0.49,-12.10,-7.60
40,-80.15,8.70,33.35,3.62,0.08,0.66,0.49,-12.11,-7.61
41,-79.40,4.00,39.25,3.62,0.08,0.66,0.50,-12.10,-7.61
42,-79.42,4.03,40.47,3.62,0.08,0.66,0.51,-12.10,-7.61
43,-79.88,6.91,37.54,3.62,0.08,0.66,0.51,-12.10,-7.60
44,-80.28,9.96,33.75,3.62,0.08,0.66,0.51,-12.09,-7.60
45,-80.11,8.39,35.26,3.62,0.08,0.66,0.51,-12.11,-7.61
46,-80.04,7.74,35.99,3.62,0.08,0.66,0.52,-12.10,-7.60
47,-79.85,6.41,37.71,3.62,0.08,0.66,0.52,-12.11,-7.61
48,-80.17,8.98,34.91,3.62,0.08,0.66,0.51,-12.11,-7.59
49,-80.16,8.91,34.68,3.62,0.08,0.66,0.51,-12.10,-7.58
50,-79.94,7.25,36.62,3.62,0.08,0.66,0.50,-12.10,-7.58
51,-80.62,14.26,26.85,3.62,0.08,0.66,0.50,-12.09,-7.57
52,-80.16,9.21,32.16,3.62,0.08,0.66,0.50,-12.09,-7.56
53,-80.19,9.32,31.82,3.62,0.08,0.66,0.51,-12.08,-7.56
54,-80.31,10.46,29.98,3.62,0.08,0.66,0.50,-12.09,-7.57
55,-80.12,8.77,31.55,3.62,0.08,0.66,0.51,-12.08,-7.58
56,-79.83,6.41,34.53,3.62,0.08,0.66,0.52,-12.06,-7.58
57,-80.07,8.35,32.22,3.62,0.08,0.66,0.53,-12.05,-7.59
58,-80.02,7.81,32.81,3.62,0.08,0.66,0.52,-12.06,-7.60
59,-79.92,7.02,33.81,3.62,0.08,0.66,0.53,-12.07,-7.59
60,-79.74,5.67,35.76,3.62,0.08,0.66,0.52,-12.07,-7.60
61,-79.77,5.86,35.98,3.62,0.08,0.66,0.51,-12.06,-7.61
62,-79.87,6.63,35.34,3.62,0.08,0.66,0.52,-12.07,-7.62
63,-80.07,8.18,33.52,3.62,0.08,0.66,0.52,-12.07,-7.62
64,-80.10,8.52,33.00,3.62,0.08,0.66,0.53,-12.07,-7.63
65,-80.11,8.60,32.74,3.62,0.08,0.66,0.53,-12.08,-7.63
66,-80.05,8.08,33.18,3.62,0.08,0.66,0.51,-12.07,-7.62
67,-79.87,6.70,34.84,3.62,0.08,0.66,0.51,-12.08,-7.62
68,-79.68,5.40,36.80,3.62,0.08,0.66,0.50,-12.08,-7.62
69,-80.07,8.39,33.29,3.62,0.08,0.66,0.49,-12.08,-7.64
70,-80.01,7.84,33.86,3.62,0.08,0.66,0.49,-12.07,-7.64
71,-79.79,6.22,36.02,3.62,0.08,0.66,0.50,-12.08,-7.64
72,-79.76,5.94,36.93,3.62,0.08,0.66,0.50,-12.07,-7.65
73,-79.85,6.65,36.38,3.62,0.08,0.66,0.50,-12.07,-7.65
74,-79.95,7.39,35.60,3.62,0.08,0.66,0.51,-12.08,-7.66
75,-80.04,8.03,34.74,3.62,0.08,0.66,0.52,-12.09,-7.66
76,-80.00,7.79,34.97,3.62,0.08,0.66,0.51,-12.09,-7.66
77,-80.23,9.76,32.42,3.62,0.08,0.66,0.51,-12.10,-7.66
78,-80.10,8.65,33.18,3.62,0.08,0.66,0.51,-12.09,-7.66
79,-80.10,8.60,33.12,3.62,0.08,0.66,0.51,-12.09,-7.66
80,-80.19,9.49,31.76,3.62,0.08,0.66,0.51,-12.10,-7.66
81,-80.20,9.52,31.21,3.62,0.08,0.66,0.49,-12.09,-7.66
82,-79.52,4.62,37.46,3.62,0.08,0.66,0.49,-12.08,-7.66
83,-79.75,6.01,36.37,3.62,0.08,0.66,0.49,-12.08,-7.66
84,-79.83,6.55,36.01,3.62,0.08,0.66,0.50,-12.09,-7.66
85,-79.86,6.76,35.98,3.62,0.08,0.66,0.51,-12.09,-7.66
86,-79.92,7.23,35.56,3.62,0.08,0.66,0.51,-12.10,-7.66
87,-79.43,4.17,39.96,3.62,0.08,0.66,0.50,-12.09,-7.67
88,-79.55,4.87,39.75,3.62,0.08,0.66,0.50,-12.10,-7.67
89,-79.80,6.49,38.23,3.62,0.08,0.66,0.50,-12.10,-7.67
90,-79.98,7.70,36.92,3.62,0.08,0.66,0.51,-12.10,-7.68
91,-80.09,8.44,35.97,3.62,0.08,0.66,0.52,-12.11,-7.67
92,-80.18,9.12,34.91,3.62,0.08,0.66,0.51,-12.11,-7.67
93,-80.21,9.25,34.32,3.62,0.08,0.66,0.51,-12.12,-7.69
94,-80.40,11.16,31.55,3.62,0.08,0.66,0.51,-12.14,-7.68
95,-79.88,7.18,35.92,3.62,0.08,0.66,0.53,-12.14,-7.69
96,-79.97,7.75,35.51,3.62,0.08,0.67,0.52,-12.13,-7.71
97,-79.70,5.98,37.67,3.62,0.08,0.66,0.52,-12.13,-7.70
98,-79.23,3.28,41.95,3.62,0.08,0.66,0.53,-12.14,-7.70
99,-79.93,7.35,37.47,3.62,0.08,0.66,0.54,-12.16,-7.72
100,-80.03,8.03,36.61,3.62,0.08,0.67,0.53,-12.16,-7.72
101,-80.20,9.32,34.89,3.62,0.08,0.66,0.54,-12.15,-7.71
102,-80.12,8.56,35.35,3.62,0.07,0.66,0.53,-12.18,-7.72
103,-80.09,8.29,35.52,3.63,0.07,0.67,0.54,-12.17,-7.71
104,-80.12,8.55,35.04,3.63,0.07,0.67,0.54,-12.14,-7.72
105,-79.66,5.38,39.23,3.63,0.07,0.66,0.54,-12.15,-7.72
106,-80.24,9.79,33.90,3.63,0.07,0.66,0.54,-12.16,-7.72
107,-80.22,9.50,33.78,3.63,0.07,0.67,0.54,-12.15,-7.72
108,-80.30,10.19,32.35,3.63,0.07,0.67,0.54,-12.13,-7.71
109,-80.07,8.34,34.02,3.63,0.07,0.67,0.54,-12.14,-7.72
110,-79.73,5.78,37.30,3.63,0.07,0.67,0.52,-12.14,-7.72
111,-79.61,4.90,39.14,3.63,0.07,0.67,0.51,-12.15,-7.71
112,-79.94,7.12,36.67,3.63,0.07,0.67,0.52,-12.15,-7.71
113,-80.06,7.94,35.59,3.63,0.07,0.67,0.53,-12.15,-7.71
114,-79.99,7.39,36.10,3.63,0.07,0.67,0.53,-12.14,-7.70
115,-79.70,5.59,38.36,3.63,0.07,0.67,0.52,-12.15,-7.70
116,-79.42,3.98,40.87,3.63,0.07,0.67,0.51,-12.14,-7.69
117,-80.22,9.63,34.03,3.63,0.07,0.67,0.51,-12.14,-7.69
118,-79.70,5.81,38.75,3.63,0.07,0.67,0.51,-12.13,-7.69
119,-79.91,7.19,37.32,3.63,0.07,0.67,0.52,-12.13,-7.69
120,-80.22,9.46,34.30,3.63,0.07,0.67,0.53,-12.12,-7.67
121,-80.21,9.38,33.90,3.63,0.07,0.67,0.53,-12.11,-7.67
122,-80.11,8.45,34.68,3.63,0.07,0.67,0.52,-12.12,-7.68
123,-79.71,5.63,38.44,3.63,0.07,0.67,0.52,-12.11,-7.68
124,-79.88,6.75,37.26,3.63,0.07,0.67,0.52,-12.11,-7.68
125,-79.49,4.45,40.33,3.63,0.07,0.67,0.52,-12.11,-7.69
126,-79.46,4.23,41.55,3.63,0.07,0.67,0.54,-12.11,-7.68
127,-79.86,6.74,39.04,3.63,0.07,0.67,0.53,-12.12,-7.68
128,-80.26,9.73,35.25,3.63,0.07,0.67,0.53,-12.12,-7.67
129,-80.67,14.08,28.95,3.63,0.07,0.67,0.52,-12.12,-7.67
130,-80.48,11.92,30.39,3.63,0.07,0.67,0.53,-12.11,-7.67
131,-79.61,5.45,37.88,3.63,0.07,0.67,0.54,-12.11,-7.65
132,-79.57,4.91,39.48,3.63,0.07,0.67,0.55,-12.10,-7.66
133,-79.59,4.98,39.79,3.63,0.07,0.67,0.55,-12.09,-7.66
134,-79.49,4.37,41.10,3.63,0.07,0.67,0.54,-12.09,-7.66
135,-79.03,2.31,45.50,3.63,0.07,0.67,0.54,-12.09,-7.65
136,-80.04,8.35,37.92,3.63,0.07,0.67,0.53,-12.08,-7.64
137,-80.11,8.60,37.13,3.63,0.07,0.67,0.53,-12.09,-7.64
138,-80.29,9.96,34.98,3.63,0.07,0.67,0.53,-12.09,-7.65
139,-80.35,10.54,33.59,3.63,0.07,0.67,0.54,-12.09,-7.64
140,-80.32,10.25,33.25,3.63,0.07,0.67,0.55,-12.09,-7.64
141,-80.14,8.74,34.43,3.63,0.07,0.67,0.55,-12.09,-7.64
142,-79.72,5.75,38.05,3.63,0.07,0.67,0.56,-12.09,-7.63
143,-79.37,3.76,40.90,3.63,0.07,0.67,0.56,-12.08,-7.63
144,-79.68,5.64,39.47,3.63,0.07,0.67,0.56,-12.08,-7.63
145,-79.85,6.76,38.26,3.63,0.07,0.67,0.56,-12.07,-7.63
146,-79.87,6.85,38.20,3.63,0.07,0.67,0.56,-12.07,-7.63
147,-79.77,6.19,39.21,3.63,0.07,0.67,0.56,-12.07,-7.63
148,-79.41,4.16,42.16,3.63,0.07,0.67,0.56,-12.07,-7.62
149,-79.66,5.59,40.93,3.63,0.07,0.67,0.57,-12.07,-7.62
150,-79.42,4.43,42.83,3.64,0.07,0.67,0.57,-12.07,-7.62
151,-79.42,4.47,43.49,3.63,0.07,0.67,0.56,-12.07,-7.63
152,-79.60,5.43,42.76,3.64,0.07,0.67,0.57,-12.08,-7.63
153,-79.82,6.60,41.58,3.64,0.07,0.67,0.57,-12.08,-7.62
154,-79.83,6.62,41.63,3.64,0.07,0.67,0.57,-12.08,-7.62
155,-79.75,6.16,42.30,3.64,0.07,0.67,0.57,-12.07,-7.63
156,-80.23,9.50,38.24,3.64,0.07,0.67,0.57,-12.06,-7.63
157,-80.41,10.87,35.82,3.64,0.07,0.67,0.57,-12.06,-7.63
158,-80.36,10.43,35.51,3.64,0.07,0.67,0.57,-12.05,-7.63
159,-79.86,6.81,39.55,3.64,0.07,0.67,0.56,-12.05,-7.64
160,-79.91,7.12,39.17,3.64,0.07,0.67,0.54,-12.06,-7.65
161,-80.09,8.35,37.55,3.64,0.07,0.67,0.54,-12.05,-7.65
162,-79.86,6.78,39.17,3.64,0.07,0.67,0.55,-12.05,-7.65
163,-79.66,5.53,40.88,3.64,0.07,0.67,0.54,-12.06,-7.65
164,-79.58,5.05,41.83,3.64,0.07,0.67,0.54,-12.06,-7.64
165,-79.95,7.35,39.13,3.64,0.07,0.67,0.54,-12.06,-7.64
166,-79.95,7.35,39.05,3.64,0.07,0.67,0.54,-12.06,-7.63
167,-79.80,6.41,40.19,3.64,0.07,0.67,0.53,-12.06,-7.63
168,-79.66,5.58,41.48,3.64,0.07,0.67,0.52,-12.07,-7.64
169,-79.72,5.93,41.37,3.64,0.07,0.67,0.52,-12.07,-7.63
170,-79.83,6.60,40.70,3.64,0.07,0.67,0.51,-12.07,-7.64
171,-79.57,5.16,42.76,3.64,0.07,0.67,0.51,-12.07,-7.64
172,-79.56,5.10,43.27,3.64,0.07,0.67,0.51,-12.07,-7.64
173,-79.68,5.81,42.76,3.64,0.07,0.67,0.51,-12.06,-7.63
174,-79.92,7.18,41.28,3.64,0.07,0.67,0.51,-12.07,-7.63
175,-79.70,5.98,42.70,3.64,0.07,0.67,0.50,-12.08,-7.62
176,-79.36,4.26,45.28,3.64,0.07,0.67,0.51,-12.07,-7.61
177,-79.93,7.35,41.73,3.64,0.07,0.67,0.51,-12.08,-7.61
178,-79.97,7.53,41.40,3.64,0.07,0.67,0.50,-12.08,-7.61
179,-80.05,8.04,40.63,3.64,0.07,0.67,0.51,-12.08,-7.62
180,-80.36,10.41,37.33,3.64,0.07,0.67,0.51,-12.09,-7.62
181,-80.19,9.20,38.09,3.64,0.07,0.67,0.52,-12.09,-7.63
182,-79.84,6.78,40.85,3.64,0.07,0.67,0.52,-12.09,-7.63
183,-80.16,8.82,38.19,3.64,0.07,0.67,0.51,-12.11,-7.64
184,-79.93,7.17,40.04,3.64,0.07,0.67,0.51,-12.10,-7.63
185,-79.85,6.60,40.79,3.64,0.07,0.67,0.50,-12.09,-7.63
186,-79.94,7.14,40.20,3.64,0.07,0.67,0.50,-12.11,-7.64
187,-80.12,8.41,38.46,3.64,0.07,0.67,0.51,-12.11,-7.63
188,-80.27,9.75,36.27,3.64,0.07,0.67,0.53,-12.11,-7.65
189,-80.18,8.97,36.52,3.64,0.07,0.67,0.50,-12.16,-7.67
190,-79.96,7.30,38.32,3.64,0.07,0.67,0.50,-12.17,-7.66
191,-79.53,4.73,41.70,3.64,0.07,0.67,0.53,-12.17,-7.68
192,-79.64,5.41,41.64,3.64,0.07,0.67,0.54,-12.17,-7.73
193,-79.97,7.52,39.18,3.64,0.07,0.67,0.50,-12.19,-7.69
194,-80.23,9.39,36.44,3.64,0.07,0.67,0.52,-12.18,-7.68
195,-79.74,6.02,40.47,3.64,0.07,0.67,0.54,-12.17,-7.70
196,-79.88,6.82,39.59,3.64,0.07,0.67,0.52,-12.18,-7.69
197,-79.79,6.24,40.35,3.64,0.07,0.67,0.52,-12.18,-7.68
198,-79.53,4.77,42.54,3.64,0.07,0.67,0.54,-12.18,-7.69
199,-79.77,6.22,41.23,3.64,0.07,0.67,0.52,-12.18,-7.69
200,-80.16,8.79,37.90,3.64,0.07,0.67,0.50,-12.18,-7.69
201,-79.58,5.11,42.38,3.64,0.07,0.67,0.52,-12.18,-7.67
202,-79.85,6.65,40.67,3.64,0.07,0.67,0.51,-12.19,-7.68
203,-80.07,8.15,38.71,3.65,0.07,0.68,0.51,-12.17,-7.68
204,-79.88,6.90,39.85,3.65,0.07,0.67,0.51,-12.14,-7.66
205,-79.82,6.36,40.55,3.64,0.07,0.67,0.53,-12.15,-7.66
206,-79.86,6.58,40.37,3.65,0.07,0.67,0.52,-12.15,-7.65
207,-80.41,10.99,34.36,3.65,0.07,0.68,0.52,-12.13,-7.64
208,-79.73,6.02,40.17,3.65,0.07,0.68,0.51,-12.12,-7.63
209,-79.65,5.37,41.27,3.65,0.07,0.68,0.51,-12.12,-7.63
210,-79.76,5.94,40.95,3.65,0.07,0.68,0.52,-12.12,-7.63
211,-79.91,6.90,39.88,3.65,0.07,0.68,0.51,-12.12,-7.61
212,-80.04,7.81,38.60,3.65,0.07,0.68,0.51,-12.11,-7.60
213,-79.76,6.07,40.79,3.65,0.07,0.68,0.52,-12.12,-7.60
214,-79.55,4.89,42.62,3.65,0.07,0.68,0.52,-12.12,-7.61
215,-80.11,8.68,38.04,3.65,0.07,0.68,0.52,-12.11,-7.59
216,-80.56,12.83,31.62,3.65,0.07,0.68,0.51,-12.11,-7.60
217,-80.40,11.42,31.82,3.65,0.07,0.68,0.50,-12.11,-7.61
218,-80.09,8.60,34.63,3.65,0.07,0.68,0.50,-12.11,-7.61
219,-79.51,4.69,39.83,3.65,0.07,0.68,0.50,-12.11,-7.61
220,-79.67,5.52,39.18,3.65,0.07,0.68,0.49,-12.10,-7.62
221,-79.96,7.51,36.81,3.65,0.07,0.68,0.49,-12.11,-7.62
222,-79.73,6.00,38.55,3.65,0.07,0.68,0.50,-12.10,-7.62
223,-79.78,6.34,38.45,3.65,0.07,0.68,0.49,-12.10,-7.62
224,-80.00,7.88,36.37,3.65,0.07,0.68,0.48,-12.10,-7.61
225,-79.34,3.81,41.91,3.65,0.07,0.68,0.49,-12.10,-7.61
226,-79.67,5.68,40.05,3.65,0.07,0.68,0.48,-12.11,-7.62
227,-79.88,7.01,38.55,3.65,0.07,0.68,0.48,-12.12,-7.63
228,-79.96,7.55,37.76,3.65,0.07,0.68,0.48,-12.12,-7.63
229,-79.99,7.73,37.39,3.65,0.07,0.68,0.48,-12.13,-7.63
230,-80.01,7.89,36.98,3.65,0.07,0.68,0.47,-12.12,-7.63
231,-80.11,8.71,35.54,3.65,0.07,0.68,0.46,-12.11,-7.62
232,-80.09,8.59,35.32,3.65,0.07,0.68,0.47,-12.11,-7.62
233,-79.55,5.10,39.48,3.65,0.07,0.68,0.46,-12.11,-7.63
234,-79.19,3.13,43.05,3.65,0.07,0.68,0.46,-12.11,-7.63
235,-79.45,4.50,42.37,3.65,0.07,0.68,0.46,-12.12,-7.65
236,-79.82,6.66,39.90,3.65,0.07,0.68,0.46,-12.11,-7.64
237,-79.58,5.18,42.12,3.65,0.07,0.68,0.46,-12.11,-7.64
238,-79.77,6.30,40.99,3.65,0.07,0.68,0.46,-12.11,-7.64
239,-79.76,6.26,41.19,3.65,0.07,0.68,0.46,-12.10,-7.63
240,-79.75,6.23,41.47,3.65,0.07,0.68,0.46,-12.10,-7.64
241,-79.93,7.36,40.19,3.65,0.07,0.68,0.46,-12.10,-7.64
242,-80.13,8.77,38.17,3.65,0.07,0.68,0.46,-12.11,-7.63
243,-79.67,5.85,41.75,3.65,0.07,0.68,0.46,-12.09,-7.63
244,-79.92,7.38,39.93,3.65,0.07,0.68,0.45,-12.10,-7.63
245,-80.36,10.95,35.29,3.65,0.07,0.68,0.46,-12.11,-7.64
246,-80.37,11.11,33.86,3.65,0.07,0.68,0.46,-12.10,-7.63
247,-80.16,9.28,35.34,3.65,0.07,0.68,0.46,-12.10,-7.63
248,-79.96,7.71,36.95,3.65,0.07,0.68,0.48,-12.09,-7.63
249,-79.94,7.59,36.92,3.65,0.07,0.68,0.48,-12.09,-7.63
250,-80.18,9.59,33.96,3.65,0.07,0.68,0.48,-12.09,-7.64
251,-80.21,9.86,32.98,3.65,0.07,0.68,0.48,-12.09,-7.63
252,-79.90,7.35,35.45,3.65,0.07,0.68,0.49,-12.08,-7.61
253,-79.56,5.10,38.30,3.65,0.07,0.68,0.49,-12.07,-7.61
254,-79.32,3.69,40.57,3.65,0.07,0.68,0.49,-12.07,-7.61
255,-79.62,5.45,39.04,3.65,0.07,0.68,0.50,-12.07,-7.61
256,-79.40,4.17,41.24,3.65,0.07,0.68,0.50,-12.07,-7.61
257,-79.67,5.77,39.78,3.65,0.07,0.68,0.50,-12.08,-7.61
258,-79.76,6.39,39.19,3.65,0.07,0.68,0.51,-12.06,-7.59
259,-79.86,7.05,38.50,3.65,0.07,0.68,0.51,-12.07,-7.59
260,-79.98,7.93,37.31,3.65,0.07,0.68,0.51,-12.06,-7.60
261,-80.38,11.51,32.24,3.65,0.07,0.68,0.51,-12.06,-7.59
262,-79.53,5.28,39.60,3.65,0.07,0.68,0.52,-12.06,-7.59
263,-79.69,6.12,38.94,3.65,0.07,0.68,0.52,-12.06,-7.60
264,-80.28,11.13,32.64,3.65,0.07,0.68,0.52,-12.06,-7.59
265,-80.22,10.62,32.21,3.65,0.07,0.68,0.53,-12.06,-7.59
266,-79.90,7.72,35.28,3.65,0.07,0.68,0.53,-12.07,-7.59
267,-80.02,8.47,34.04,3.65,0.07,0.68,0.52,-12.07,-7.59
268,-80.13,9.40,32.49,3.65,0.07,0.68,0.52,-12.07,-7.61
269,-79.91,7.55,34.35,3.65,0.07,0.68,0.53,-12.07,-7.60
270,-79.49,4.64,38.15,3.65,0.07,0.68,0.53,-12.07,-7.60
271,-79.50,4.76,38.65,3.65,0.07,0.68,0.53,-12.08,-7.60
272,-79.68,5.94,37.53,3.65,0.07,0.68,0.53,-12.07,-7.60
273,-79.92,7.59,35.47,3.65,0.07,0.68,0.52,-12.07,-7.60
274,-79.36,4.09,40.11,3.65,0.07,0.68,0.52,-12.07,-7.61
275,-79.07,2.66,42.72,3.65,0.07,0.68,0.52,-12.07,-7.61
276,-79.25,3.64,42.77,3.65,0.07,0.68,0.52,-12.07,-7.61
277,-79.53,5.18,41.47,3.65,0.07,0.68,0.51,-12.07,-7.61
278,-79.74,6.46,40.13,3.65,0.07,0.68,0.51,-12.08,-7.61
279,-79.35,4.28,43.29,3.65,0.07,0.68,0.50,-12.08,-7.61
280,-79.74,6.43,40.95,3.65,0.07,0.68,0.50,-12.09,-7.61
281,-79.78,6.60,40.78,3.65,0.07,0.68,0.50,-12.08,-7.62
282,-80.12,9.04,37.65,3.65,0.07,0.68,0.49,-12.08,-7.62
283,-79.78,7.00,39.66,3.65,0.07,0.68,0.49,-12.09,-7.62
284,-79.23,3.85,44.11,3.65,0.07,0.68,0.49,-12.10,-7.63
285,-79.10,3.24,45.92,3.65,0.07,0.68,0.48,-12.09,-7.63
286,-79.83,7.13,41.46,3.65,0.07,0.68,0.46,-12.10,-7.64
287,-80.19,9.52,38.25,3.65,0.07,0.68,0.46,-12.09,-7.63
288,-80.18,9.39,37.55,3.65,0.07,0.68,0.45,-12.10,-7.63
289,-80.01,8.16,38.59,3.65,0.07,0.68,0.44,-12.09,-7.63
290,-79.86,7.11,39.69,3.65,0.07,0.68,0.44,-12.10,-7.64
291,-79.96,7.70,38.77,3.65,0.07,0.68,0.44,-12.10,-7.64
292,-80.20,9.49,36.09,3.65,0.07,0.68,0.43,-12.12,-7.64
293,-80.37,11.18,33.03,3.65,0.07,0.68,0.44,-12.11,-7.65
294,-79.91,7.55,36.23,3.65,0.07,0.68,0.44,-12.10,-7.64
295,-79.76,6.38,37.74,3.65,0.07,0.68,0.44,-12.10,-7.65
296,-79.85,6.84,37.21,3.65,0.07,0.68,0.43,-12.11,-7.65
297,-79.90,7.17,36.72,3.65,0.07,0.68,0.44,-12.10,-7.65
298,-80.12,8.92,34.23,3.65,0.07,0.68,0.45,-12.10,-7.65
299,-80.24,10.03,32.32,3.65,0.07,0.68,0.44,-12.11,-7.66
300,-79.92,7.45,34.75,3.65,0.07,0.68,0.43,-12.11,-7.65
301,-79.63,5.38,37.39,3.65,0.07,0.68,0.43,-12.11,-7.65
302,-79.47,4.35,39.18,3.65,0.07,0.68,0.43,-12.12,-7.65
303,-80.14,9.34,33.01,3.65,0.07,0.68,0.43,-12.12,-7.65
304,-80.06,8.63,33.40,3.65,0.07,0.68,0.43,-12.11,-7.65
305,-79.38,4.12,38.81,3.65,0.07,0.68,0.43,-12.11,-7.64
306,-79.06,2.36,42.16,3.65,0.07,0.68,0.42,-12.10,-7.64
307,-79.30,3.66,41.54,3.65,0.07,0.68,0.42,-12.10,-7.64
308,-79.62,5.51,39.72,3.65,0.07,0.68,0.42,-12.11,-7.64
309,-80.00,8.02,36.54,3.65,0.07,0.68,0.42,-12.12,-7.63
310,-80.02,8.14,36.07,3.65,0.07,0.68,0.42,-12.12,-7.64
311,-80.26,10.29,32.97,3.65,0.07,0.68,0.42,-12.12,-7.64
312,-80.14,9.19,33.26,3.65,0.07,0.68,0.43,-12.12,-7.63
313,-79.83,6.69,35.99,3.65,0.07,0.68,0.43,-12.12,-7.63
314,-79.55,4.80,38.64,3.65,0.07,0.68,0.43,-12.13,-7.62
315,-79.16,2.73,42.30,3.65,0.07,0.68,0.42,-12.14,-7.61
316,-79.15,2.78,43.25,3.65,0.07,0.68,0.41,-12.13,-7.61
317,-79.62,5.44,40.63,3.65,0.07,0.68,0.41,-12.14,-7.62
318,-79.83,6.68,39.23,3.65,0.07,0.68,0.39,-12.14,-7.62
319,-79.82,6.57,39.43,3.65,0.07,0.68,0.40,-12.14,-7.62
320,-79.79,6.42,39.71,3.65,0.07,0.68,0.39,-12.13,-7.63
321,-78.59,1.11,47.87,3.65,0.07,0.68,0.40,-12.13,-7.63
322,-79.63,6.04,42.26,3.65,0.07,0.68,0.40,-12.12,-7.63
323,-79.45,4.95,43.78,3.65,0.07,0.68,0.40,-12.13,-7.63
324,-79.51,5.19,44.18,3.65,0.07,0.68,0.41,-12.13,-7.64
325,-79.72,6.29,43.13,3.65,0.07,0.68,0.41,-12.13,-7.64
326,-79.89,7.20,42.02,3.65,0.07,0.68,0.40,-12.13,-7.65
327,-80.00,7.90,40.92,3.65,0.07,0.68,0.41,-12.14,-7.65
328,-79.96,7.63,41.04,3.65,0.07,0.68,0.42,-12.15,-7.65
329,-79.61,5.68,43.49,3.65,0.07,0.68,0.41,-12.14,-7.64
330,-80.05,8.43,40.38,3.65,0.07,0.68,0.41,-12.15,-7.64
331,-80.14,9.00,39.17,3.65,0.07,0.68,0.40,-12.14,-7.64
332,-79.97,7.78,40.34,3.65,0.07,0.68,0.40,-12.14,-7.63
333,-79.99,7.80,40.01,3.65,0.07,0.68,0.41,-12.13,-7.62
334,-80.14,8.88,38.37,3.65,0.07,0.68,0.41,-12.13,-7.62
335,-79.63,5.77,42.13,3.65,0.07,0.68,0.41,-12.14,-7.62
336,-79.42,4.60,44.30,3.65,0.07,0.68,0.42,-12.14,-7.62
337,-79.72,6.28,42.63,3.65,0.07,0.68,0.43,-12.13,-7.62
338,-80.08,8.54,39.63,3.65,0.07,0.68,0.43,-12.13,-7.61
339,-80.31,10.33,36.59,3.65,0.07,0.68,0.44,-12.13,-7.62
340,-80.27,10.06,36.14,3.65,0.07,0.68,0.44,-12.14,-7.61
341,-79.90,7.40,38.88,3.65,0.07,0.68,0.45,-12.14,-7.60
342,-79.72,6.12,40.52,3.65,0.07,0.68,0.44,-12.14,-7.60
343,-80.02,8.29,37.96,3.65,0.07,0.68,0.44,-12.13,-7.61
344,-80.39,11.30,33.67,3.65,0.07,0.68,0.44,-12.13,-7.63
345,-79.93,7.47,37.70,3.65,0.07,0.68,0.44,-12.12,-7.62
346,-80.07,8.42,36.26,3.65,0.07,0.68,0.44,-12.12,-7.63
347,-79.85,6.84,37.96,3.65,0.07,0.68,0.44,-12.12,-7.62
348,-79.82,6.57,38.41,3.65,0.07,0.68,0.44,-12.12,-7.62
349,-79.73,6.00,39.18,3.65,0.07,0.68,0.43,-12.12,-7.61
350,-79.59,5.20,40.51,3.65,0.07,0.68,0.43,-12.12,-7.61
351,-79.90,7.08,38.31,3.65,0.07,0.68,0.43,-12.12,-7.62
352,-79.57,5.12,41.11,3.65,0.07,0.68,0.44,-12.12,-7.61
353,-79.75,6.15,40.19,3.65,0.07,0.68,0.44,-12.13,-7.62
354,-79.61,5.41,41.33,3.65,0.07,0.68,0.45,-12.12,-7.63
355,-79.45,4.57,42.83,3.65,0.07,0.68,0.45,-12.11,-7.63
356,-79.38,4.24,43.86,3.65,0.07,0.68,0.45,-12.12,-7.63
357,-79.69,5.97,42.19,3.65,0.07,0.68,0.45,-12.11,-7.62
358,-79.71,6.10,42.22,3.65,0.07,0.68,0.45,-12.11,-7.62
359,-79.65,5.80,42.81,3.65,0.07,0.68,0.45,-12.11,-7.62
360,-79.90,7.38,41.04,3.65,0.07,0.68,0.44,-12.13,-7.63
361,-79.95,7.75,40.35,3.65,0.07,0.68,0.44,-12.12,-7.63
362,-79.89,7.33,40.73,3.65,0.07,0.68,0.44,-12.13,-7.63
363,-80.32,10.59,35.94,3.65,0.07,0.68,0.45,-12.13,-7.62
364,-80.20,9.59,36.42,3.65,0.07,0.68,0.45,-12.11,-7.62
365,-79.91,7.52,38.53,3.65,0.07,0.68,0.45,-12.10,-7.62
366,-79.69,6.11,40.32,3.65,0.07,0.68,0.45,-12.10,-7.61
367,-79.74,6.41,40.17,3.65,0.07,0.68,0.46,-12.09,-7.61
368,-79.85,7.09,39.35,3.65,0.07,0.68,0.46,-12.09,-7.60
369,-79.95,7.72,38.39,3.65,0.07,0.68,0.46,-12.09,-7.61
370,-80.00,8.13,37.69,3.65,0.07,0.68,0.45,-12.09,-7.61
371,-79.60,5.59,40.73,3.65,0.07,0.68,0.46,-12.08,-7.63
372,-79.95,7.98,38.18,3.65,0.07,0.68,0.45,-12.08,-7.63
373,-80.10,8.98,36.61,3.65,0.07,0.68,0.45,-12.08,-7.63
374,-80.02,8.29,37.09,3.65,0.07,0.68,0.45,-12.08,-7.64
375,-79.71,6.19,39.67,3.65,0.07,0.68,0.45,-12.08,-7.64
376,-79.73,6.32,39.68,3.65,0.07,0.68,0.45,-12.08,-7.64
377,-79.63,5.75,40.59,3.65,0.07,0.68,0.46,-12.08,-7.64
378,-79.63,5.75,41.01,3.65,0.07,0.68,0.47,-12.08,-7.64
379,-79.56,5.37,41.80,3.65,0.07,0.68,0.47,-12.08,-7.63
380,-79.47,4.93,42.90,3.65,0.07,0.68,0.47,-12.08,-7.64
381,-79.84,7.09,40.38,3.65,0.07,0.68,0.46,-12.07,-7.64
382,-79.85,7.07,40.37,3.65,0.07,0.68,0.46,-12.08,-7.64
383,-79.89,7.28,40.05,3.65,0.07,0.68,0.47,-12.07,-7.63
384,-79.63,5.73,41.96,3.65,0.07,0.68,0.47,-12.06,-7.64
385,-79.66,5.91,42.06,3.65,0.07,0.68,0.46,-12.07,-7.63
386,-79.83,6.93,40.89,3.65,0.07,0.68,0.46,-12.06,-7.63
387,-79.79,6.68,41.27,3.65,0.07,0.68,0.45,-12.06,-7.63
388,-79.76,6.55,41.52,3.65,0.07,0.68,0.44,-12.07,-7.63
389,-79.83,7.02,40.98,3.65,0.07,0.68,0.45,-12.06,-7.63
390,-79.75,6.59,41.50,3.65,0.07,0.68,0.45,-12.07,-7.63
391,-79.76,6.62,41.56,3.65,0.07,0.68,0.45,-12.07,-7.62
392,-79.83,6.99,41.12,3.65,0.07,0.68,0.45,-12.08,-7.61
393,-79.99,8.14,39.41,3.65,0.07,0.68,0.45,-12.08,-7.61
394,-79.47,5.14,43.30,3.65,0.07,0.68,0.46,-12.09,-7.61
395,-79.11,3.47,46.26,3.65,0.07,0.68,0.46,-12.09,-7.61
396,-79.34,4.56,46.16,3.65,0.07,0.68,0.46,-12.09,-7.60
397,-79.69,6.35,44.33,3.65,0.07,0.68,0.46,-12.09,-7.60
398,-79.96,7.84,42.36,3.65,0.07,0.68,0.46,-12.08,-7.60
399,-79.85,7.11,43.13,3.65,0.07,0.68,0.48,-12.09,-7.59
400,-80.21,9.47,39.86,3.65,0.07,0.68,0.47,-12.10,-7.60
401,-80.33,10.37,38.02,3.65,0.07,0.68,0.47,-12.11,-7.60
402,-80.34,10.63,36.44,3.65,0.07,0.68,0.47,-12.11,-7.59
403,-80.13,9.17,37.34,3.65,0.07,0.68,0.47,-12.10,-7.60
404,-79.90,7.47,39.14,3.65,0.07,0.68,0.46,-12.11,-7.60
405,-79.73,6.41,40.49,3.65,0.07,0.68,0.45,-12.11,-7.61
406,-79.77,6.65,40.28,3.65,0.07,0.68,0.45,-12.11,-7.61
407,-79.83,7.01,39.85,3.65,0.07,0.68,0.45,-12.11,-7.60
408,-79.95,7.80,38.71,3.65,0.07,0.68,0.45,-12.11,-7.59
409,-79.79,6.83,39.66,3.65,0.07,0.68,0.44,-12.12,-7.60
410,-79.57,5.46,41.55,3.65,0.07,0.68,0.45,-12.13,-7.60
411,-79.86,7.22,39.51,3.65,0.07,0.68,0.45,-12.13,-7.59
412,-79.70,6.18,40.86,3.65,0.07,0.68,0.45,-12.13,-7.58
413,-79.53,5.16,42.40,3.65,0.07,0.68,0.44,-12.13,-7.59
414,-79.73,6.30,41.47,3.65,0.07,0.68,0.44,-12.13,-7.58
415,-79.75,6.37,41.43,3.65,0.07,0.68,0.43,-12.13,-7.58
416,-79.65,5.78,42.38,3.65,0.07,0.68,0.44,-12.14,-7.59
417,-79.54,5.22,43.61,3.65,0.07,0.68,0.42,-12.13,-7.59
418,-79.84,6.92,41.63,3.65,0.07,0.68,0.41,-12.14,-7.61
419,-80.13,8.89,38.90,3.65,0.07,0.68,0.41,-12.14,-7.61
420,-80.28,10.15,36.41,3.65,0.07,0.68,0.41,-12.14,-7.60
421,-79.95,7.87,38.49,3.65,0.07,0.68,0.41,-12.13,-7.60
422,-79.53,5.22,41.97,3.65,0.07,0.68,0.41,-12.14,-7.61
423,-79.79,6.69,40.31,3.65,0.07,0.68,0.41,-12.14,-7.60
424,-79.96,7.77,38.77,3.65,0.07,0.68,0.41,-12.13,-7.59
425,-79.68,6.02,40.90,3.65,0.07,0.68,0.40,-12.13,-7.59
426,-79.39,4.46,43.40,3.65,0.07,0.68,0.41,-12.14,-7.59
427,-79.19,3.54,45.21,3.65,0.07,0.68,0.41,-12.14,-7.59
428,-79.05,3.03,46.82,3.65,0.07,0.68,0.41,-12.14,-7.59
429,-79.49,5.10,45.01,3.65,0.07,0.68,0.43,-12.15,-7.60
430,-79.57,5.49,44.90,3.65,0.07,0.68,0.43,-12.15,-7.61
431,-79.73,6.32,44.10,3.65,0.07,0.68,0.43,-12.15,-7.60
432,-79.61,5.68,45.04,3.65,0.07,0.68,0.42,-12.15,-7.60
433,-79.53,5.25,45.91,3.65,0.07,0.68,0.42,-12.15,-7.60
434,-79.52,5.20,46.36,3.65,0.07,0.68,0.41,-12.14,-7.59
435,-79.91,7.32,43.77,3.65,0.07,0.68,0.42,-12.14,-7.60
436,-79.96,7.60,43.21,3.65,0.07,0.68,0.42,-12.14,-7.60
437,-79.84,6.92,43.94,3.65,0.07,0.68,0.43,-12.15,-7.60
438,-79.67,6.06,45.15,3.65,0.07,0.68,0.43,-12.13,-7.60
439,-79.75,6.48,44.84,3.65,0.07,0.68,0.42,-12.13,-7.60
440,-79.90,7.26,43.81,3.65,0.07,0.68,0.41,-12.14,-7.60
441,-80.30,9.90,39.90,3.65,0.07,0.68,0.42,-12.13,-7.60
442,-80.05,8.24,41.43,3.65,0.07,0.68,0.42,-12.14,-7.60
443,-79.96,7.65,41.89,3.65,0.07,0.68,0.42,-12.14,-7.60
444,-80.07,8.34,40.72,3.65,0.07,0.68,0.41,-12.14,-7.61
445,-79.72,6.41,42.80,3.65,0.07,0.68,0.40,-12.14,-7.60
446,-79.26,4.11,46.24,3.65,0.07,0.68,0.41,-12.14,-7.62
447,-79.60,5.70,44.81,3.65,0.07,0.68,0.40,-12.14,-7.61
448,-80.18,9.29,40.04,3.65,0.07,0.68,0.40,-12.13,-7.61
449,-79.84,7.10,42.30,3.65,0.07,0.68,0.39,-12.13,-7.61
450,-79.84,6.97,42.56,3.65,0.07,0.68,0.41,-12.15,-7.60
451,-80.01,8.01,41.18,3.65,0.07,0.68,0.41,-12.13,-7.59
452,-80.12,8.81,39.82,3.65,0.07,0.68,0.41,-12.14,-7.58
453,-79.89,7.28,41.39,3.65,0.07,0.68,0.41,-12.14,-7.59
454,-79.86,7.09,41.55,3.65,0.07,0.68,0.41,-12.14,-7.58
455,-80.13,9.00,38.88,3.65,0.07,0.68,0.42,-12.14,-7.59
456,-80.27,10.13,36.49,3.65,0.07,0.68,0.42,-12.17,-7.59
457,-80.03,8.42,37.81,3.65,0.07,0.68,0.42,-12.16,-7.59
458,-79.73,6.41,40.16,3.65,0.07,0.68,0.43,-12.16,-7.60
459,-79.93,7.66,38.51,3.65,0.07,0.68,0.42,-12.16,-7.59
460,-80.06,8.58,37.09,3.65,0.07,0.68,0.41,-12.16,-7.60
461,-80.09,8.88,36.29,3.65,0.07,0.68,0.42,-12.16,-7.61
462,-80.16,9.45,34.97,3.65,0.07,0.68,0.41,-12.17,-7.60
463,-79.97,8.01,36.26,3.65,0.07,0.68,0.40,-12.16,-7.60
464,-79.70,6.08,38.68,3.65,0.07,0.68,0.40,-12.16,-7.60
465,-79.64,5.63,39.60,3.65,0.07,0.68,0.40,-12.16,-7.59
466,-79.82,6.81,38.25,3.65,0.07,0.68,0.41,-12.16,-7.59
467,-79.63,5.60,39.79,3.65,0.07,0.68,0.41,-12.15,-7.59
468,-79.21,3.40,43.10,3.65,0.07,0.68,0.40,-12.16,-7.59
469,-79.21,3.43,43.91,3.65,0.07,0.68,0.40,-12.16,-7.58
470,-79.38,4.36,43.47,3.65,0.07,0.68,0.40,-12.15,-7.58
471,-79.85,7.09,40.23,3.65,0.07,0.68,0.40,-12.16,-7.59
472,-79.87,7.26,39.90,3.65,0.07,0.68,0.41,-12.17,-7.59
473,-79.61,5.72,41.92,3.65,0.07,0.68,0.41,-12.16,-7.59
474,-79.64,5.83,42.25,3.65,0.07,0.68,0.41,-12.16,-7.60
475,-80.03,8.59,38.83,3.65,0.07,0.68,0.41,-12.17,-7.61
476,-80.42,11.88,33.82,3.65,0.07,0.68,0.42,-12.15,-7.60
477,-79.50,5.21,41.87,3.65,0.07,0.68,0.42,-12.15,-7.58
478,-79.77,6.65,40.24,3.65,0.07,0.68,0.41,-12.15,-7.58
479,-79.91,7.53,39.06,3.65,0.07,0.68,0.42,-12.14,-7.58
480,-80.23,10.21,35.35,3.65,0.07,0.68,0.42,-12.13,-7.58
481,-80.41,12.03,32.27,3.65,0.07,0.68,0.41,-12.13,-7.58
482,-80.46,12.82,30.09,3.65,0.07,0.68,0.41,-12.13,-7.57
483,-80.07,9.14,33.44,3.65,0.07,0.68,0.42,-12.13,-7.58
484,-79.73,6.49,36.56,3.65,0.07,0.68,0.43,-12.13,-7.59
485,-79.54,5.16,38.53,3.65,0.07,0.68,0.44,-12.14,-7.60
486,-79.51,4.94,39.47,3.65,0.07,0.68,0.44,-12.14,-7.58
487,-79.62,5.64,39.00,3.65,0.07,0.68,0.44,-12.14,-7.59
488,-79.75,6.47,38.12,3.65,0.07,0.68,0.45,-12.14,-7.60
489,-79.39,4.40,41.32,3.65,0.07,0.68,0.45,-12.13,-7.60
490,-79.63,5.75,40.02,3.65,0.07,0.68,0.46,-12.13,-7.59
491,-79.74,6.44,39.33,3.65,0.07,0.68,0.45,-12.14,-7.59
492,-79.53,5.18,41.11,3.65,0.07,0.68,0.46,-12.13,-7.59
493,-79.57,5.43,41.28,3.65,0.07,0.68,0.47,-12.13,-7.59
494,-79.73,6.43,40.21,3.65,0.07,0.68,0.47,-12.13,-7.58
495,-79.81,6.90,39.65,3.65,0.07,0.68,0.47,-12.12,-7.58
496,-79.13,3.39,44.60,3.65,0.07,0.68,0.47,-12.12,-7.58
497,-79.39,4.65,43.77,3.65,0.07,0.68,0.46,-12.12,-7.58
498,-79.04,3.20,46.34,3.65,0.07,0.68,0.46,-12.12,-7.59
499,-79.04,3.27,47.24,3.65,0.07,0.68,0.47,-12.11,-7.59
500,-79.29,4.36,46.56,3.65,0.07,0.68,0.47,-12.11,-7.59
501,-79.51,5.41,45.85,3.65,0.07,0.68,0.47,-12.11,-7.60
502,-80.20,9.70,40.33,3.65,0.07,0.68,0.48,-12.11,-7.61
503,-80.00,8.34,41.40,3.65,0.07,0.68,0.47,-12.11,-7.60
504,-79.84,7.24,42.51,3.65,0.07,0.68,0.46,-12.11,-7.60
505,-79.98,8.13,41.29,3.65,0.07,0.68,0.47,-12.11,-7.60
506,-80.16,9.36,39.27,3.65,0.07,0.68,0.47,-12.11,-7.60
507,-80.01,8.31,40.00,3.65,0.07,0.68,0.47,-12.12,-7.60
508,-80.17,9.50,38.12,3.65,0.07,0.68,0.48,-12.12,-7.60
509,-79.87,7.45,40.20,3.65,0.07,0.68,0.48,-12.11,-7.60
510,-79.69,6.22,41.73,3.65,0.07,0.68,0.48,-12.11,-7.59
511,-79.55,5.41,42.92,3.65,0.07,0.68,0.49,-12.11,-7.59
512,-79.43,4.74,44.22,3.65,0.07,0.68,0.48,-12.11,-7.58
513,-79.80,6.82,41.88,3.65,0.07,0.68,0.47,-12.11,-7.58
514,-79.57,5.52,43.71,3.65,0.07,0.68,0.47,-12.11,-7.58
515,-79.73,6.36,42.90,3.65,0.07,0.68,0.47,-12.11,-7.58
516,-79.70,6.22,43.15,3.65,0.07,0.68,0.45,-12.12,-7.58
517,-79.49,5.17,44.66,3.65,0.07,0.68,0.45,-12.12,-7.58
518,-79.30,4.32,46.28,3.65,0.07,0.68,0.45,-12.12,-7.57
519,-79.50,5.25,45.73,3.65,0.07,0.68,0.44,-12.12,-7.58
520,-79.71,6.34,44.60,3.65,0.07,0.68,0.43,-12.12,-7.58
521,-79.52,5.42,45.90,3.65,0.07,0.68,0.43,-12.12,-7.58
522,-79.77,6.70,44.67,3.65,0.07,0.68,0.43,-12.12,-7.59
523,-79.97,7.79,43.21,3.65,0.07,0.68,0.43,-12.12,-7.59
524,-80.04,8.23,42.40,3.65,0.07,0.68,0.42,-12.12,-7.59
525,-79.32,4.53,47.29,3.65,0.07,0.68,0.42,-12.12,-7.59
526,-79.38,4.80,47.51,3.65,0.07,0.68,0.42,-12.12,-7.60
527,-79.22,4.14,48.92,3.65,0.07,0.68,0.41,-12.12,-7.60
528,-79.59,5.85,47.53,3.65,0.07,0.68,0.41,-12.13,-7.60
529,-79.70,6.34,47.00,3.65,0.07,0.68,0.41,-12.13,-7.59
530,-79.63,5.97,47.62,3.65,0.07,0.68,0.42,-12.13,-7.60
531,-79.29,4.53,50.11,3.65,0.07,0.68,0.41,-12.12,-7.61
532,-79.71,6.40,48.01,3.65,0.07,0.68,0.42,-12.11,-7.61
533,-80.30,9.82,43.65,3.65,0.07,0.68,0.42,-12.11,-7.61
534,-80.02,8.14,44.78,3.65,0.07,0.68,0.41,-12.11,-7.62
535,-79.83,7.05,45.98,3.65,0.07,0.68,0.43,-12.10,-7.63
536,-79.83,7.03,45.93,3.65,0.07,0.68,0.42,-12.11,-7.62
537,-80.11,8.63,43.60,3.65,0.07,0.68,0.42,-12.10,-7.63
538,-80.18,9.03,42.65,3.65,0.07,0.68,0.42,-12.10,-7.64
539,-80.38,10.44,40.37,3.65,0.07,0.68,0.41,-12.11,-7.64
540,-80.12,8.79,41.41,3.65,0.07,0.68,0.42,-12.10,-7.64
541,-79.82,6.95,43.38,3.65,0.07,0.68,0.41,-12.09,-7.62
542,-79.62,5.83,44.89,3.65,0.07,0.68,0.41,-12.09,-7.63
543,-80.22,9.58,39.85,3.65,0.07,0.68,0.41,-12.09,-7.63
544,-80.16,9.15,39.81,3.65,0.07,0.68,0.42,-12.09,-7.62
545,-80.15,9.07,39.38,3.65,0.07,0.68,0.42,-12.10,-7.62
546,-79.95,7.78,40.38,3.65,0.07,0.68,0.41,-12.10,-7.62
547,-79.79,6.79,41.45,3.65,0.07,0.68,0.41,-12.09,-7.62
548,-79.69,6.20,42.24,3.65,0.07,0.68,0.41,-12.09,-7.62
549,-79.83,7.07,41.13,3.65,0.07,0.68,0.41,-12.10,-7.60
550,-80.17,9.44,37.74,3.65,0.07,0.68,0.43,-12.10,-7.61
551,-80.05,8.63,38.15,3.65,0.07,0.68,0.43,-12.10,-7.62
552,-79.78,6.79,40.13,3.65,0.07,0.68,0.43,-12.10,-7.61
553,-79.68,6.19,41.00,3.65,0.07,0.68,0.43,-12.10,-7.62
554,-79.67,6.12,41.26,3.65,0.07,0.68,0.44,-12.10,-7.62
555,-80.04,8.66,37.94,3.65,0.07,0.68,0.44,-12.10,-7.63
556,-79.56,5.70,41.62,3.65,0.07,0.68,0.44,-12.10,-7.62
557,-79.55,5.56,42.15,3.65,0.07,0.68,0.45,-12.11,-7.62
558,-79.43,4.94,43.37,3.65,0.07,0.68,0.47,-12.10,-7.62
559,-79.19,3.87,45.30,3.65,0.07,0.68,0.45,-12.10,-7.63
560,-79.01,3.11,47.29,3.65,0.07,0.68,0.45,-12.10,-7.62
561,-79.75,6.71,43.25,3.65,0.07,0.68,0.46,-12.11,-7.62
562,-79.76,6.68,43.28,3.65,0.07,0.68,0.46,-12.11,-7.62
563,-79.74,6.53,43.48,3.65,0.07,0.68,0.46,-12.10,-7.62
564,-79.81,6.93,43.02,3.65,0.07,0.68,0.46,-12.10,-7.62
565,-80.02,8.32,41.16,3.65,0.07,0.68,0.46,-12.11,-7.63
566,-80.23,9.81,38.71,3.65,0.07,0.68,0.47,-12.11,-7.63
567,-80.16,9.32,38.49,3.65,0.07,0.68,0.46,-12.10,-7.64
568,-79.70,6.40,41.97,3.65,0.07,0.68,0.46,-12.10,-7.63
569,-79.64,5.95,42.72,3.65,0.07,0.68,0.45,-12.09,-7.63
570,-79.31,4.36,45.20,3.65,0.07,0.68,0.46,-12.09,-7.64
571,-79.49,5.32,44.63,3.66,0.07,0.68,0.46,-12.10,-7.64
572,-79.86,7.36,42.10,3.66,0.07,0.68,0.47,-12.09,-7.65
573,-79.66,6.13,43.69,3.66,0.07,0.68,0.46,-12.09,-7.65
574,-79.41,4.84,45.72,3.66,0.07,0.68,0.46,-12.10,-7.64
575,-79.40,4.78,46.30,3.66,0.07,0.68,0.46,-12.10,-7.65
576,-79.39,4.68,47.05,3.66,0.07,0.68,0.46,-12.11,-7.65
577,-79.57,5.58,46.37,3.66,0.07,0.68,0.47,-12.12,-7.65
578,-79.81,6.79,44.92,3.66,0.07,0.68,0.46,-12.11,-7.65
579,-79.15,3.86,49.22,3.66,0.07,0.68,0.46,-12.10,-7.66
580,-79.83,7.08,45.34,3.66,0.07,0.68,0.46,-12.10,-7.66
581,-79.69,6.26,46.27,3.66,0.07,0.68,0.46,-12.10,-7.66
582,-79.59,5.70,47.20,3.66,0.07,0.68,0.47,-12.10,-7.66
583,-79.82,6.88,45.88,3.66,0.07,0.68,0.46,-12.10,-7.67
584,-80.11,8.44,43.66,3.66,0.07,0.68,0.46,-12.11,-7.67
585,-79.99,7.76,44.08,3.66,0.07,0.68,0.45,-12.11,-7.66
586,-80.25,9.50,41.57,3.66,0.07,0.68,0.45,-12.11,-7.66
587,-80.03,8.07,42.77,3.66,0.07,0.68,0.44,-12.12,-7.67
588,-79.78,6.56,44.41,3.66,0.07,0.68,0.44,-12.11,-7.66
589,-79.94,7.54,43.23,3.66,0.07,0.68,0.43,-12.12,-7.67
590,-80.20,9.19,40.81,3.66,0.07,0.68,0.44,-12.12,-7.67
591,-80.17,9.06,40.21,3.66,0.07,0.68,0.44,-12.12,-7.67
592,-80.15,9.04,39.69,3.66,0.07,0.68,0.43,-12.13,-7.67
593,-79.93,7.69,40.95,3.66,0.07,0.68,0.44,-12.12,-7.66
594,-79.45,5.00,44.40,3.66,0.07,0.68,0.44,-12.13,-7.65
595,-79.69,6.47,42.96,3.66,0.07,0.68,0.44,-12.12,-7.65
596,-80.17,9.50,38.62,3.66,0.07,0.68,0.43,-12.11,-7.65
597,-80.05,8.46,39.17,3.66,0.07,0.68,0.42,-12.11,-7.65
598,-79.98,7.97,39.41,3.66,0.07,0.68,0.42,-12.11,-7.65
599,-79.88,7.33,39.98,3.66,0.07,0.68,0.43,-12.10,-7.65
600,-80.03,8.49,38.31,3.66,0.07,0.68,0.43,-12.10,-7.64
601,-79.89,7.63,38.92,3.66,0.07,0.68,0.42,-12.11,-7.64
602,-79.64,6.01,40.95,3.66,0.07,0.68,0.44,-12.11,-7.63
603,-80.01,8.44,37.69,3.66,0.07,0.68,0.44,-12.11,-7.63
604,-79.84,7.18,39.02,3.66,0.07,0.68,0.45,-12.11,-7.62
605,-79.73,6.49,39.85,3.66,0.07,0.68,0.47,-12.11,-7.62
606,-79.81,6.97,39.36,3.65,0.07,0.68,0.47,-12.11,-7.61
607,-79.80,6.90,39.38,3.65,0.07,0.68,0.46,-12.11,-7.60
608,-79.74,6.49,39.93,3.65,0.07,0.68,0.47,-12.10,-7.60
609,-79.78,6.66,39.75,3.65,0.07,0.68,0.47,-12.09,-7.59
610,-79.44,4.70,42.52,3.65,0.07,0.68,0.47,-12.10,-7.59
611,-79.85,7.20,39.66,3.65,0.07,0.68,0.47,-12.10,-7.59
612,-79.74,6.47,40.32,3.65,0.07,0.68,0.47,-12.09,-7.59
613,-79.75,6.52,40.42,3.65,0.07,0.68,0.47,-12.10,-7.59
614,-79.91,7.51,39.10,3.65,0.07,0.68,0.47,-12.10,-7.59
615,-80.46,12.48,31.51,3.65,0.07,0.68,0.47,-12.10,-7.58
616,-79.76,6.78,37.94,3.65,0.07,0.68,0.48,-12.09,-7.58
617,-79.50,5.03,40.38,3.65,0.07,0.68,0.47,-12.10,-7.59
618,-79.64,5.83,39.94,3.65,0.07,0.68,0.47,-12.09,-7.59
619,-79.75,6.45,39.29,3.65,0.07,0.68,0.47,-12.09,-7.59
620,-79.78,6.62,39.12,3.65,0.07,0.68,0.46,-12.09,-7.59
621,-79.73,6.32,39.62,3.65,0.07,0.68,0.46,-12.08,-7.59
622,-79.95,7.87,37.59,3.65,0.07,0.68,0.45,-12.08,-7.59
623,-79.85,7.13,38.31,3.65,0.07,0.68,0.45,-12.09,-7.60
624,-80.14,9.61,35.13,3.65,0.07,0.68,0.44,-12.10,-7.61
625,-80.03,8.78,35.54,3.65,0.07,0.68,0.44,-12.10,-7.60
626,-79.71,6.37,38.45,3.65,0.07,0.68,0.43,-12.10,-7.60
627,-79.74,6.53,38.39,3.66,0.07,0.68,0.43,-12.11,-7.60
628,-79.52,5.22,40.42,3.66,0.07,0.68,0.43,-12.11,-7.61
629,-79.68,6.21,39.53,3.66,0.07,0.68,0.43,-12.12,-7.61
630,-79.71,6.36,39.46,3.66,0.07,0.68,0.44,-12.12,-7.61
631,-79.48,5.06,41.29,3.66,0.07,0.68,0.45,-12.12,-7.62
632,-79.24,3.84,43.52,3.66,0.07,0.68,0.45,-12.13,-7.63
633,-79.94,8.04,38.35,3.66,0.07,0.68,0.45,-12.12,-7.63
634,-79.83,7.18,39.26,3.66,0.07,0.68,0.46,-12.11,-7.63
635,-79.84,7.20,39.16,3.66,0.07,0.68,0.45,-12.13,-7.62
636,-79.74,6.56,39.90,3.66,0.07,0.68,0.46,-12.13,-7.62
637,-79.85,7.33,39.01,3.66,0.07,0.68,0.47,-12.12,-7.62
638,-80.03,8.64,37.10,3.66,0.07,0.68,0.47,-12.12,-7.62
639,-79.84,7.20,38.60,3.66,0.07,0.68,0.46,-12.12,-7.62
640,-79.65,6.03,40.13,3.66,0.07,0.68,0.45,-12.13,-7.61
641,-79.77,6.76,39.37,3.66,0.07,0.68,0.45,-12.12,-7.61
642,-79.75,6.63,39.55,3.66,0.07,0.68,0.44,-12.13,-7.62
643,-79.78,6.74,39.50,3.66,0.07,0.68,0.44,-12.12,-7.62
644,-79.83,7.12,38.98,3.66,0.07,0.68,0.45,-12.12,-7.62
645,-79.85,7.23,38.70,3.66,0.07,0.68,0.45,-12.13,-7.61
646,-79.67,6.10,40.22,3.66,0.07,0.68,0.44,-12.12,-7.61
647,-79.83,7.13,39.03,3.66,0.07,0.68,0.44,-12.12,-7.60
648,-79.71,6.36,39.86,3.66,0.07,0.68,0.44,-12.11,-7.59
649,-79.88,7.60,38.42,3.66,0.07,0.68,0.44,-12.11,-7.60
650,-80.17,9.81,35.19,3.66,0.07,0.68,0.44,-12.11,-7.59
651,-79.98,8.14,36.58,3.66,0.07,0.68,0.44,-12.11,-7.59
652,-79.50,5.05,40.63,3.66,0.07,0.68,0.43,-12.10,-7.58
653,-79.32,4.10,42.37,3.66,0.07,0.69,0.44,-12.10,-7.58
654,-79.59,5.67,41.12,3.66,0.07,0.69,0.43,-12.12,-7.58
655,-79.99,8.44,37.77,3.66,0.07,0.69,0.44,-12.12,-7.58
656,-80.30,11.04,33.92,3.66,0.07,0.69,0.44,-12.12,-7.58
657,-79.65,6.16,39.60,3.66,0.07,0.69,0.45,-12.12,-7.58
658,-79.44,4.85,41.56,3.66,0.07,0.69,0.45,-12.13,-7.58
659,-79.50,5.14,41.66,3.66,0.07,0.69,0.46,-12.12,-7.58
660,-79.61,5.90,41.11,3.66,0.07,0.69,0.46,-12.12,-7.58
661,-79.72,6.65,40.30,3.66,0.07,0.69,0.48,-12.12,-7.58
662,-79.82,7.17,39.54,3.66,0.07,0.69,0.47,-12.12,-7.57
663,-79.44,5.01,42.53,3.66,0.07,0.69,0.49,-12.11,-7.57
664,-79.78,7.19,39.92,3.66,0.07,0.69,0.51,-12.15,-7.60
665,-79.75,6.82,40.25,3.66,0.07,0.69,0.48,-12.17,-7.57
666,-79.60,5.92,41.47,3.66,0.07,0.69,0.50,-12.14,-7.54
667,-79.34,4.58,43.54,3.66,0.07,0.69,0.53,-12.17,-7.59
668,-79.10,3.34,46.00,3.66,0.07,0.69,0.48,-12.20,-7.54
669,-79.51,5.42,44.03,3.66,0.07,0.69,0.52,-12.16,-7.53
670,-78.71,2.27,49.02,3.66,0.07,0.69,0.56,-12.18,-7.60
671,-78.75,2.42,50.17,3.66,0.07,0.69,0.51,-12.22,-7.57
672,-79.58,6.14,46.58,3.66,0.07,0.69,0.49,-12.20,-7.50
673,-80.11,9.20,42.60,3.66,0.07,0.69,0.55,-12.19,-7.59
674,-80.37,10.89,39.69,3.67,0.07,0.69,0.52,-12.22,-7.58
675,-80.01,8.36,41.92,3.67,0.07,0.69,0.49,-12.22,-7.52
676,-80.22,9.90,39.36,3.67,0.07,0.69,0.56,-12.20,-7.60
677,-79.78,7.13,42.22,3.67,0.07,0.69,0.54,-12.21,-7.60
678,-80.06,8.97,39.77,3.67,0.07,0.69,0.51,-12.21,-7.54
679,-79.66,6.80,41.83,3.67,0.07,0.69,0.55,-12.19,-7.59
680,-79.00,3.37,46.67,3.67,0.07,0.69,0.55,-12.19,-7.58
681,-78.91,2.95,48.67,3.67,0.07,0.69,0.49,-12.20,-7.55
682,-79.77,7.12,43.67,3.67,0.07,0.69,0.51,-12.16,-7.56
683,-79.19,4.36,47.19,3.67,0.07,0.69,0.53,-12.17,-7.57
684,-79.17,4.17,48.39,3.67,0.07,0.69,0.52,-12.18,-7.57
685,-79.45,5.37,47.36,3.67,0.07,0.69,0.52,-12.16,-7.56
686,-79.68,6.52,46.09,3.67,0.07,0.69,0.54,-12.13,-7.56
687,-79.43,5.32,47.95,3.67,0.07,0.69,0.53,-12.18,-7.56
688,-79.71,6.66,46.41,3.67,0.07,0.69,0.51,-12.17,-7.56
689,-79.76,6.90,46.07,3.67,0.07,0.69,0.54,-12.13,-7.56
690,-80.10,8.97,43.18,3.67,0.07,0.69,0.54,-12.14,-7.56
691,-80.25,9.86,41.36,3.67,0.07,0.69,0.50,-12.17,-7.52
692,-80.24,9.84,40.63,3.68,0.07,0.69,0.53,-12.15,-7.53
693,-79.31,4.80,46.88,3.68,0.07,0.69,0.53,-12.13,-7.56
694,-79.67,6.41,45.07,3.68,0.07,0.69,0.49,-12.15,-7.53
695,-79.61,6.10,45.53,3.68,0.07,0.69,0.51,-12.14,-7.52
696,-79.98,8.36,42.82,3.68,0.07,0.69,0.54,-12.14,-7.56
697,-80.17,9.53,40.89,3.68,0.07,0.69,0.48,-12.15,-7.53
698,,,,,,,,,
